{
"companyName": "DefaultCompany",
"productName": "FlappyBird",
"productVersion": "0.1",
"dataUrl": "WebGL Builds.data.unityweb",
"wasmCodeUrl": "WebGL Builds.wasm.code.unityweb",
"wasmFrameworkUrl": "WebGL Builds.wasm.framework.unityweb",
"graphicsAPI": ["WebGL 2.0","WebGL 1.0"],
"webglContextAttributes": {"preserveDrawingBuffer": false},
"splashScreenStyle": "Dark",
"backgroundColor": "#231F20",
"cacheControl": {"default": "must-revalidate"},
"developmentBuild": false,
"multithreading": false,
"unityVersion": "2019.4.21f1"
}